{
    "predict_bleu-4": 6.39810225,
    "predict_model_preparation_time": 0.0082,
    "predict_rouge-1": 43.8772769,
    "predict_rouge-2": 15.386609783333334,
    "predict_rouge-l": 19.835229066666667,
    "predict_runtime": 9648.3357,
    "predict_samples_per_second": 0.622,
    "predict_steps_per_second": 0.019
}