{
    "eval_bleu-4": 36.36295821666667,
    "eval_model_preparation_time": 0.0109,
    "eval_rouge-1": 64.43151103333334,
    "eval_rouge-2": 32.024796183333336,
    "eval_rouge-l": 31.9879471,
    "eval_runtime": 10551.0265,
    "eval_samples_per_second": 0.569,
    "eval_steps_per_second": 0.018
}